[{"model": "admin.logentry", "pk": 1, "fields": {"action_time": "2025-01-05T11:53:43.068Z", "user": 1, "content_type": 10, "object_id": "1", "object_repr": "beer", "action_flag": 1, "change_message": "[{\"added\": {}}]"}}, {"model": "admin.logentry", "pk": 2, "fields": {"action_time": "2025-01-05T11:54:25.981Z", "user": 1, "content_type": 10, "object_id": "2", "object_repr": "drink", "action_flag": 1, "change_message": "[{\"added\": {}}]"}}, {"model": "admin.logentry", "pk": 3, "fields": {"action_time": "2025-01-05T11:56:16.371Z", "user": 1, "content_type": 10, "object_id": "3", "object_repr": "relax", "action_flag": 1, "change_message": "[{\"added\": {}}]"}}, {"model": "admin.logentry", "pk": 4, "fields": {"action_time": "2025-01-05T11:56:19.609Z", "user": 1, "content_type": 8, "object_id": "18285f38-ef1e-4260-8a7c-ab5d4d065794", "object_repr": "18285f38-ef1e-4260-8a7c-ab5d4d065794", "action_flag": 1, "change_message": "[{\"added\": {}}]"}}, {"model": "admin.logentry", "pk": 5, "fields": {"action_time": "2025-01-05T12:04:42.413Z", "user": 1, "content_type": 10, "object_id": "4", "object_repr": "xuv700", "action_flag": 1, "change_message": "[{\"added\": {}}]"}}, {"model": "admin.logentry", "pk": 6, "fields": {"action_time": "2025-01-05T12:04:47.544Z", "user": 1, "content_type": 8, "object_id": "b1e9ecfd-280b-4201-8b22-8152a1beac8c", "object_repr": "b1e9ecfd-280b-4201-8b22-8152a1beac8c", "action_flag": 1, "change_message": "[{\"added\": {}}]"}}, {"model": "admin.logentry", "pk": 7, "fields": {"action_time": "2025-01-05T13:00:16.706Z", "user": 1, "content_type": 10, "object_id": "5", "object_repr": "single", "action_flag": 1, "change_message": "[{\"added\": {}}]"}}, {"model": "admin.logentry", "pk": 8, "fields": {"action_time": "2025-01-05T13:00:22.720Z", "user": 1, "content_type": 8, "object_id": "c43c4539-b114-4fe0-8e05-aba43e61b35f", "object_repr": "c43c4539-b114-4fe0-8e05-aba43e61b35f", "action_flag": 1, "change_message": "[{\"added\": {}}]"}}, {"model": "admin.logentry", "pk": 9, "fields": {"action_time": "2025-01-05T15:10:09.620Z", "user": 1, "content_type": 8, "object_id": "03d6789f-92c0-42d6-bf9c-bba5cc35ef90", "object_repr": "03d6789f-92c0-42d6-bf9c-bba5cc35ef90", "action_flag": 1, "change_message": "[{\"added\": {}}]"}}, {"model": "admin.logentry", "pk": 10, "fields": {"action_time": "2025-01-07T18:04:04.450Z", "user": 1, "content_type": 11, "object_id": "1", "object_repr": "Message object (1)", "action_flag": 1, "change_message": "[{\"added\": {}}]"}}, {"model": "admin.logentry", "pk": 11, "fields": {"action_time": "2025-01-07T18:04:36.588Z", "user": 1, "content_type": 11, "object_id": "2", "object_repr": "Message object (2)", "action_flag": 1, "change_message": "[{\"added\": {}}]"}}, {"model": "admin.logentry", "pk": 12, "fields": {"action_time": "2025-01-07T18:33:21.385Z", "user": 1, "content_type": 11, "object_id": "3", "object_repr": "Message object (3)", "action_flag": 1, "change_message": "[{\"added\": {}}]"}}, {"model": "auth.permission", "pk": 1, "fields": {"name": "Can add log entry", "content_type": 1, "codename": "add_logentry"}}, {"model": "auth.permission", "pk": 2, "fields": {"name": "Can change log entry", "content_type": 1, "codename": "change_logentry"}}, {"model": "auth.permission", "pk": 3, "fields": {"name": "Can delete log entry", "content_type": 1, "codename": "delete_logentry"}}, {"model": "auth.permission", "pk": 4, "fields": {"name": "Can view log entry", "content_type": 1, "codename": "view_logentry"}}, {"model": "auth.permission", "pk": 5, "fields": {"name": "Can add permission", "content_type": 2, "codename": "add_permission"}}, {"model": "auth.permission", "pk": 6, "fields": {"name": "Can change permission", "content_type": 2, "codename": "change_permission"}}, {"model": "auth.permission", "pk": 7, "fields": {"name": "Can delete permission", "content_type": 2, "codename": "delete_permission"}}, {"model": "auth.permission", "pk": 8, "fields": {"name": "Can view permission", "content_type": 2, "codename": "view_permission"}}, {"model": "auth.permission", "pk": 9, "fields": {"name": "Can add group", "content_type": 3, "codename": "add_group"}}, {"model": "auth.permission", "pk": 10, "fields": {"name": "Can change group", "content_type": 3, "codename": "change_group"}}, {"model": "auth.permission", "pk": 11, "fields": {"name": "Can delete group", "content_type": 3, "codename": "delete_group"}}, {"model": "auth.permission", "pk": 12, "fields": {"name": "Can view group", "content_type": 3, "codename": "view_group"}}, {"model": "auth.permission", "pk": 13, "fields": {"name": "Can add user", "content_type": 4, "codename": "add_user"}}, {"model": "auth.permission", "pk": 14, "fields": {"name": "Can change user", "content_type": 4, "codename": "change_user"}}, {"model": "auth.permission", "pk": 15, "fields": {"name": "Can delete user", "content_type": 4, "codename": "delete_user"}}, {"model": "auth.permission", "pk": 16, "fields": {"name": "Can view user", "content_type": 4, "codename": "view_user"}}, {"model": "auth.permission", "pk": 17, "fields": {"name": "Can add content type", "content_type": 5, "codename": "add_contenttype"}}, {"model": "auth.permission", "pk": 18, "fields": {"name": "Can change content type", "content_type": 5, "codename": "change_contenttype"}}, {"model": "auth.permission", "pk": 19, "fields": {"name": "Can delete content type", "content_type": 5, "codename": "delete_contenttype"}}, {"model": "auth.permission", "pk": 20, "fields": {"name": "Can view content type", "content_type": 5, "codename": "view_contenttype"}}, {"model": "auth.permission", "pk": 21, "fields": {"name": "Can add session", "content_type": 6, "codename": "add_session"}}, {"model": "auth.permission", "pk": 22, "fields": {"name": "Can change session", "content_type": 6, "codename": "change_session"}}, {"model": "auth.permission", "pk": 23, "fields": {"name": "Can delete session", "content_type": 6, "codename": "delete_session"}}, {"model": "auth.permission", "pk": 24, "fields": {"name": "Can view session", "content_type": 6, "codename": "view_session"}}, {"model": "auth.permission", "pk": 25, "fields": {"name": "Can add profile", "content_type": 7, "codename": "add_profile"}}, {"model": "auth.permission", "pk": 26, "fields": {"name": "Can change profile", "content_type": 7, "codename": "change_profile"}}, {"model": "auth.permission", "pk": 27, "fields": {"name": "Can delete profile", "content_type": 7, "codename": "delete_profile"}}, {"model": "auth.permission", "pk": 28, "fields": {"name": "Can view profile", "content_type": 7, "codename": "view_profile"}}, {"model": "auth.permission", "pk": 29, "fields": {"name": "Can add post", "content_type": 8, "codename": "add_post"}}, {"model": "auth.permission", "pk": 30, "fields": {"name": "Can change post", "content_type": 8, "codename": "change_post"}}, {"model": "auth.permission", "pk": 31, "fields": {"name": "Can delete post", "content_type": 8, "codename": "delete_post"}}, {"model": "auth.permission", "pk": 32, "fields": {"name": "Can view post", "content_type": 8, "codename": "view_post"}}, {"model": "auth.permission", "pk": 33, "fields": {"name": "Can add stream", "content_type": 9, "codename": "add_stream"}}, {"model": "auth.permission", "pk": 34, "fields": {"name": "Can change stream", "content_type": 9, "codename": "change_stream"}}, {"model": "auth.permission", "pk": 35, "fields": {"name": "Can delete stream", "content_type": 9, "codename": "delete_stream"}}, {"model": "auth.permission", "pk": 36, "fields": {"name": "Can view stream", "content_type": 9, "codename": "view_stream"}}, {"model": "auth.permission", "pk": 37, "fields": {"name": "Can add Tag", "content_type": 10, "codename": "add_tag"}}, {"model": "auth.permission", "pk": 38, "fields": {"name": "Can change Tag", "content_type": 10, "codename": "change_tag"}}, {"model": "auth.permission", "pk": 39, "fields": {"name": "Can delete Tag", "content_type": 10, "codename": "delete_tag"}}, {"model": "auth.permission", "pk": 40, "fields": {"name": "Can view Tag", "content_type": 10, "codename": "view_tag"}}, {"model": "auth.permission", "pk": 41, "fields": {"name": "Can add message", "content_type": 11, "codename": "add_message"}}, {"model": "auth.permission", "pk": 42, "fields": {"name": "Can change message", "content_type": 11, "codename": "change_message"}}, {"model": "auth.permission", "pk": 43, "fields": {"name": "Can delete message", "content_type": 11, "codename": "delete_message"}}, {"model": "auth.permission", "pk": 44, "fields": {"name": "Can view message", "content_type": 11, "codename": "view_message"}}, {"model": "auth.user", "pk": 1, "fields": {"password": "pbkdf2_sha256$870000$hIqqoQNSQGrqshnzXc83nY$RykjFd5tO5J/JtNlZmfx4S7kVrKdv45alNTUSIhGEXc=", "last_login": "2025-01-08T14:37:36.197Z", "is_superuser": true, "username": "admin", "first_name": "", "last_name": "", "email": "weareinnnn@gmail.com", "is_staff": true, "is_active": true, "date_joined": "2025-01-05T11:41:52.216Z", "groups": [], "user_permissions": []}}, {"model": "auth.user", "pk": 2, "fields": {"password": "pbkdf2_sha256$870000$7HClfJ3IjfWFkzEXFw7pX2$/4GZsJdlHJXAxf52+dXP1x0ax6lEEcdS++5pFnM2PP4=", "last_login": null, "is_superuser": false, "username": "vivekvardhna", "first_name": "", "last_name": "", "email": "vivekvardhna@vit.ac.in", "is_staff": false, "is_active": true, "date_joined": "2025-01-05T11:46:33.166Z", "groups": [], "user_permissions": []}}, {"model": "auth.user", "pk": 3, "fields": {"password": "pbkdf2_sha256$870000$yTBYKfnQsXbR3iiWNd7ZJu$7XbcalcmU1dkYduJkebqThBJkMLmZFM6La2MimxNIvY=", "last_login": "2025-01-08T15:54:16.795Z", "is_superuser": false, "username": "user1", "first_name": "", "last_name": "", "email": "grwwg@vit.ac.in", "is_staff": false, "is_active": true, "date_joined": "2025-01-05T12:59:18.237Z", "groups": [], "user_permissions": []}}, {"model": "auth.user", "pk": 4, "fields": {"password": "pbkdf2_sha256$870000$vdOSyRD5vkHWlJGAPileVj$DWZfYTVzeGx/5gcoThxnaIjbRlejZyiDuHDsE86Mg8o=", "last_login": "2025-01-07T19:28:31.719Z", "is_superuser": false, "username": "user2", "first_name": "", "last_name": "", "email": "kbgkbgrk@vitstudent.ac.in", "is_staff": false, "is_active": true, "date_joined": "2025-01-06T18:47:04.846Z", "groups": [], "user_permissions": []}}, {"model": "auth.user", "pk": 5, "fields": {"password": "pbkdf2_sha256$870000$8OmlF9jvRnRQhddZLY1fNQ$8/69pwmBAnf4Tn6f8BeoyibWgXNnuzaqolFkMTKI8eQ=", "last_login": "2025-01-06T19:13:16.188Z", "is_superuser": false, "username": "user3", "first_name": "", "last_name": "", "email": "vivekvardhanb2022@vitstudent.ac.in", "is_staff": false, "is_active": true, "date_joined": "2025-01-06T19:13:02.708Z", "groups": [], "user_permissions": []}}, {"model": "auth.user", "pk": 6, "fields": {"password": "pbkdf2_sha256$870000$UzaI7FTViApMxz4689FQ9e$P5DNy1oKhljrw3PdBTPzAP3F9VYJfCVc0zhYEmdl+xY=", "last_login": "2025-01-06T19:28:13.907Z", "is_superuser": false, "username": "user4", "first_name": "", "last_name": "", "email": "vivekvard22@vitstudent.ac.in", "is_staff": false, "is_active": true, "date_joined": "2025-01-06T19:27:58.944Z", "groups": [], "user_permissions": []}}, {"model": "auth.user", "pk": 7, "fields": {"password": "pbkdf2_sha256$870000$8B3qMFwlc0VJJuX5xPvQVu$ddfDU6DUKODaf+RdXd/hiQ1JfeG0u3ag6nJnQm49QvA=", "last_login": "2025-01-06T19:35:13.852Z", "is_superuser": false, "username": "user5", "first_name": "", "last_name": "", "email": "vive022@vitstudent.ac.in", "is_staff": false, "is_active": true, "date_joined": "2025-01-06T19:35:00.658Z", "groups": [], "user_permissions": []}}, {"model": "auth.user", "pk": 8, "fields": {"password": "pbkdf2_sha256$870000$UGHduo1APDr2MuuaaS9HhQ$1KhucpfCgAAXXePA6gWQ7jtcp9HKdmQ+Rylh5POQke0=", "last_login": "2025-01-06T19:49:11.457Z", "is_superuser": false, "username": "user6", "first_name": "", "last_name": "", "email": "vivekb2022@vitstudent.ac.in", "is_staff": false, "is_active": true, "date_joined": "2025-01-06T19:42:44.579Z", "groups": [], "user_permissions": []}}, {"model": "auth.user", "pk": 9, "fields": {"password": "pbkdf2_sha256$870000$Gk2zydgMo9FsRLBzB5RAKI$SpVEOsG8AtyHAGMekq0FyD7hTKpLb0YpX5i4LpHTjxU=", "last_login": "2025-01-06T20:17:56.178Z", "is_superuser": false, "username": "user7", "first_name": "", "last_name": "", "email": "vivekwow6@vitstudent.ac.in", "is_staff": false, "is_active": true, "date_joined": "2025-01-06T20:17:41.784Z", "groups": [], "user_permissions": []}}, {"model": "auth.user", "pk": 10, "fields": {"password": "pbkdf2_sha256$870000$6IPyE6PlPBqKXjln85u9IC$Fn5rv/7NPjaK9MZ5lkzEGOxxZ4oETusZqE/7RYERBBw=", "last_login": "2025-01-07T19:40:15.194Z", "is_superuser": false, "username": "user8", "first_name": "", "last_name": "", "email": "nb2022@vitstudent.ac.in", "is_staff": false, "is_active": true, "date_joined": "2025-01-07T19:39:58.812Z", "groups": [], "user_permissions": []}}, {"model": "auth.user", "pk": 11, "fields": {"password": "pbkdf2_sha256$870000$E4ABhxI9C2omqJmoNaeUmF$WmACZ5gSfDMl3BNdBbQLT+c/vO8G3RC6krwnNcLs/pM=", "last_login": "2025-01-07T19:53:04.577Z", "is_superuser": false, "username": "user9", "first_name": "Vivek", "last_name": "Baisani", "email": "2022@vitstudent.ac.in", "is_staff": false, "is_active": true, "date_joined": "2025-01-07T19:52:51.475Z", "groups": [], "user_permissions": []}}, {"model": "auth.user", "pk": 12, "fields": {"password": "pbkdf2_sha256$870000$up6XUG0i9cd3WU0lrdjL3l$H4ybBvbDmhmMmaw0KT7aAj5Ke28A7+UJszPqQRTlkUc=", "last_login": "2025-01-08T13:37:16.457Z", "is_superuser": false, "username": "user10", "first_name": "Vivek", "last_name": "B", "email": "anb2022@vitstudent.ac.in", "is_staff": false, "is_active": true, "date_joined": "2025-01-08T13:37:03.407Z", "groups": [], "user_permissions": []}}, {"model": "auth.user", "pk": 13, "fields": {"password": "pbkdf2_sha256$870000$ZRo4IMLHfWES5UkxCMRU1V$beO/Trt9g3XnPf5PlvK7Z8lVU/YNjmvaEFIdkW4wNuA=", "last_login": "2025-01-08T13:49:46.488Z", "is_superuser": false, "username": "user11", "first_name": "Vivek", "last_name": "Bai", "email": "vnb2022@vitstudent.ac.in", "is_staff": false, "is_active": true, "date_joined": "2025-01-08T13:49:33.462Z", "groups": [], "user_permissions": []}}, {"model": "auth.user", "pk": 14, "fields": {"password": "pbkdf2_sha256$870000$EgPCp9cIB3k2xO6af7BpE3$0q7Xr1IoZC3di4Y3+rNPDsHGji0ThOxS6fd2/UFrnIA=", "last_login": "2025-01-08T13:59:43.235Z", "is_superuser": false, "username": "user12", "first_name": "", "last_name": "", "email": "v2@vitstudent.ac.in", "is_staff": false, "is_active": true, "date_joined": "2025-01-08T13:59:28.652Z", "groups": [], "user_permissions": []}}, {"model": "auth.user", "pk": 15, "fields": {"password": "pbkdf2_sha256$870000$jZRZ6GMBR32HyhAwVmdBrO$k2Xi42sn9hSVwS5xC20vo7zze8R6kd4uf79SjB5t3nw=", "last_login": "2025-01-08T14:30:47.032Z", "is_superuser": false, "username": "user13", "first_name": "", "last_name": "", "email": "viv@vitstudent.ac.in", "is_staff": false, "is_active": true, "date_joined": "2025-01-08T14:03:22.887Z", "groups": [], "user_permissions": []}}, {"model": "contenttypes.contenttype", "pk": 1, "fields": {"app_label": "admin", "model": "logentry"}}, {"model": "contenttypes.contenttype", "pk": 2, "fields": {"app_label": "auth", "model": "permission"}}, {"model": "contenttypes.contenttype", "pk": 3, "fields": {"app_label": "auth", "model": "group"}}, {"model": "contenttypes.contenttype", "pk": 4, "fields": {"app_label": "auth", "model": "user"}}, {"model": "contenttypes.contenttype", "pk": 5, "fields": {"app_label": "contenttypes", "model": "contenttype"}}, {"model": "contenttypes.contenttype", "pk": 6, "fields": {"app_label": "sessions", "model": "session"}}, {"model": "contenttypes.contenttype", "pk": 7, "fields": {"app_label": "authy", "model": "profile"}}, {"model": "contenttypes.contenttype", "pk": 8, "fields": {"app_label": "post", "model": "post"}}, {"model": "contenttypes.contenttype", "pk": 9, "fields": {"app_label": "post", "model": "stream"}}, {"model": "contenttypes.contenttype", "pk": 10, "fields": {"app_label": "post", "model": "tag"}}, {"model": "contenttypes.contenttype", "pk": 11, "fields": {"app_label": "direct", "model": "message"}}, {"model": "sessions.session", "pk": "29hdhyqeetk5lzqywl45sy2xjryd0dyf", "fields": {"session_data": ".eJxVjMsOwiAQRf-FtSG8whSX7v0GMsyAVA0kpV0Z_12bdKHbe865LxFxW2vcRl7izOIsrDj9bgnpkdsO-I7t1iX1ti5zkrsiDzrktXN-Xg7376DiqN96skGXwszJOM-QkiIG6yb0SmlQrAMZFzJgKsqSJwsemRUYLOw1GvH-APRMOFA:1tVYNs:YVDDDwYsQZl18f1NVPvr3td60K3MCX8N3r4YUtBO2IU", "expire_date": "2025-01-22T15:54:16.908Z"}}, {"model": "sessions.session", "pk": "5zh7wjrlsh0wiyc6xfoxcckgolphlync", "fields": {"session_data": ".eJxVjEEOwiAQRe_C2pAOhQIu3XsGMgyDVA0kpV0Z765NutDtf-_9lwi4rSVsnZcwJ3EWIE6_W0R6cN1BumO9NUmtrssc5a7Ig3Z5bYmfl8P9OyjYy7dGZmcNwQR5Qm0GFXOi6DF6y8nAAH60WgOyInAGTHajzUyoSSXtyYj3B_NMODA:1tVTXE:cw8H7xB6QOvwlu_418kmW836YwGdpbuNpnrBtqSHmw0", "expire_date": "2025-01-22T10:43:36.974Z"}}, {"model": "authy.profile", "pk": 1, "fields": {"user": 1, "first_name": null, "last_name": null, "location": null, "url": null, "profile_info": null, "created": "2025-01-05", "picture": ""}}, {"model": "authy.profile", "pk": 2, "fields": {"user": 2, "first_name": null, "last_name": null, "location": null, "url": null, "profile_info": null, "created": "2025-01-05", "picture": ""}}, {"model": "authy.profile", "pk": 3, "fields": {"user": 3, "first_name": "First", "last_name": "User", "location": null, "url": "", "profile_info": "I am the Tester", "created": "2025-01-05", "picture": "profile_pictures/viveks_passport_pic.jpg"}}, {"model": "authy.profile", "pk": 4, "fields": {"user": 4, "first_name": "", "last_name": "", "location": null, "url": null, "profile_info": "", "created": "2025-01-07", "picture": "user_4/3l.png"}}, {"model": "authy.profile", "pk": 5, "fields": {"user": 5, "first_name": null, "last_name": null, "location": null, "url": null, "profile_info": null, "created": "2025-01-07", "picture": ""}}, {"model": "authy.profile", "pk": 6, "fields": {"user": 6, "first_name": null, "last_name": null, "location": null, "url": null, "profile_info": null, "created": "2025-01-07", "picture": ""}}, {"model": "authy.profile", "pk": 7, "fields": {"user": 7, "first_name": null, "last_name": null, "location": null, "url": null, "profile_info": null, "created": "2025-01-07", "picture": ""}}, {"model": "authy.profile", "pk": 8, "fields": {"user": 8, "first_name": "Vivek", "last_name": "Baisani", "location": null, "url": null, "profile_info": "fixed it", "created": "2025-01-07", "picture": ""}}, {"model": "authy.profile", "pk": 9, "fields": {"user": 9, "first_name": "vivek", "last_name": "vardhan", "location": null, "url": null, "profile_info": "dbge", "created": "2025-01-07", "picture": ""}}, {"model": "authy.profile", "pk": 10, "fields": {"user": 10, "first_name": "", "last_name": "", "location": null, "url": null, "profile_info": "", "created": "2025-01-08", "picture": "user_10/profile.jpg"}}, {"model": "authy.profile", "pk": 11, "fields": {"user": 11, "first_name": "", "last_name": "", "location": null, "url": null, "profile_info": "", "created": "2025-01-08", "picture": "user_11/profile.jpg"}}, {"model": "authy.profile", "pk": 12, "fields": {"user": 12, "first_name": null, "last_name": null, "location": null, "url": null, "profile_info": "10th one man", "created": "2025-01-08", "picture": ""}}, {"model": "authy.profile", "pk": 13, "fields": {"user": 13, "first_name": "Vivek", "last_name": "", "location": null, "url": null, "profile_info": "", "created": "2025-01-08", "picture": ""}}, {"model": "authy.profile", "pk": 14, "fields": {"user": 14, "first_name": "Vivek", "last_name": "jhjhi", "location": null, "url": null, "profile_info": "signup testing", "created": "2025-01-08", "picture": ""}}, {"model": "authy.profile", "pk": 15, "fields": {"user": 15, "first_name": "Vivk", "last_name": "Bai", "location": null, "url": null, "profile_info": "testing picture", "created": "2025-01-08", "picture": "user_15/profile.jpg"}}, {"model": "post.tag", "pk": 1, "fields": {"title": "beer", "slug": "beer"}}, {"model": "post.tag", "pk": 2, "fields": {"title": "drink", "slug": "drink"}}, {"model": "post.tag", "pk": 3, "fields": {"title": "relax", "slug": "relax"}}, {"model": "post.tag", "pk": 4, "fields": {"title": "xuv700", "slug": "xuv700"}}, {"model": "post.tag", "pk": 5, "fields": {"title": "single", "slug": "single"}}, {"model": "post.tag", "pk": 6, "fields": {"title": "chill", "slug": "chill"}}, {"model": "post.tag", "pk": 7, "fields": {"title": "family", "slug": "family"}}, {"model": "post.tag", "pk": 8, "fields": {"title": "explore", "slug": "explore"}}, {"model": "post.tag", "pk": 9, "fields": {"title": "mv", "slug": "mv"}}, {"model": "post.tag", "pk": 10, "fields": {"title": "rer", "slug": "rer"}}, {"model": "post.post", "pk": "03d6789f-92c0-42d6-bf9c-bba5cc35ef90", "fields": {"leaving_from": "jhhj", "going_to": "mvh", "date_time": "2025-01-05T15:09:56Z", "transport_mode": "bus", "content": "jhgh", "posted": "2025-01-05T15:10:09.589Z", "user": 1, "tags": [1]}}, {"model": "post.post", "pk": "18285f38-ef1e-4260-8a7c-ab5d4d065794", "fields": {"leaving_from": "vellore", "going_to": "tirupathi", "date_time": "2025-01-11T06:00:00Z", "transport_mode": "bus", "content": "nothing", "posted": "2025-01-05T11:56:19.588Z", "user": 2, "tags": [3]}}, {"model": "post.post", "pk": "39d5a944-cf8f-4f20-a088-5d8727c17824", "fields": {"leaving_from": "hyderabad", "going_to": "hampi", "date_time": "2025-01-12T08:00:00Z", "transport_mode": "car", "content": "family trip", "posted": "2025-01-06T17:20:24.991Z", "user": 3, "tags": [6, 7, 8]}}, {"model": "post.post", "pk": "3c71d316-699a-47b1-ac76-3acdcecb1e0a", "fields": {"leaving_from": "tirupathi", "going_to": "hyderabad", "date_time": "2025-01-15T22:05:00Z", "transport_mode": "car", "content": "good, enjoy travel", "posted": "2025-01-05T18:35:51.222Z", "user": 3, "tags": [6, 7]}}, {"model": "post.post", "pk": "4853a99d-40b5-4607-829d-bb116ff7a1dc", "fields": {"leaving_from": "hyderabadghccfhh", "going_to": "vgjvjhv", "date_time": "2025-01-30T00:32:00Z", "transport_mode": "train", "content": "hj", "posted": "2025-01-06T19:03:04.376Z", "user": 3, "tags": [6]}}, {"model": "post.post", "pk": "9fac7a38-73de-4b47-8ec0-b98aa1f893a7", "fields": {"leaving_from": "gr", "going_to": "grer", "date_time": "2025-01-23T01:48:00Z", "transport_mode": "car", "content": "reggr", "posted": "2025-01-06T20:18:37.214Z", "user": 9, "tags": [10]}}, {"model": "post.post", "pk": "adce4828-85af-4c46-9aa1-e3ef0b1d37c2", "fields": {"leaving_from": "hyderabad", "going_to": "vellore", "date_time": "2025-01-18T23:52:00Z", "transport_mode": "bus", "content": "re", "posted": "2025-01-05T15:22:51.460Z", "user": 1, "tags": [6]}}, {"model": "post.post", "pk": "aeff7e23-e9ea-4f67-95ac-d8ed9f736329", "fields": {"leaving_from": "dontknow", "going_to": "dontknow", "date_time": "2025-02-07T01:19:00Z", "transport_mode": "train", "content": "gooooooooooooooooooooooooooooooooooooooooooooooooooooooooooooooooooooooooooooooooooooooooooooooooooooooooooooooooooooooooooooooooooooooooooooooooooooooooooooooooooooooooooooooooooooooooooooooooooood", "posted": "2025-01-06T19:49:59.844Z", "user": 8, "tags": [1]}}, {"model": "post.post", "pk": "b1e9ecfd-280b-4201-8b22-8152a1beac8c", "fields": {"leaving_from": "hyd", "going_to": "tirupathi", "date_time": "2025-01-12T06:00:00Z", "transport_mode": "car", "content": "family", "posted": "2025-01-05T12:04:47.527Z", "user": 2, "tags": [4]}}, {"model": "post.post", "pk": "c43c4539-b114-4fe0-8e05-aba43e61b35f", "fields": {"leaving_from": "vellore", "going_to": "tirupathi", "date_time": "2025-01-11T18:00:00Z", "transport_mode": "govt bus", "content": "nothing", "posted": "2025-01-05T13:00:22.701Z", "user": 3, "tags": [5]}}, {"model": "post.post", "pk": "f90e7164-a77b-45fe-9e50-1c2a83120ef2", "fields": {"leaving_from": "jhvhj", "going_to": "mh", "date_time": "2025-01-16T01:30:00Z", "transport_mode": "car", "content": "hvj", "posted": "2025-01-06T20:00:36.852Z", "user": 8, "tags": [9]}}, {"model": "post.stream", "pk": 1, "fields": {"user": 1, "post": "b1e9ecfd-280b-4201-8b22-8152a1beac8c", "date": "2025-01-05T12:04:47.527Z"}}, {"model": "post.stream", "pk": 2, "fields": {"user": 1, "post": "c43c4539-b114-4fe0-8e05-aba43e61b35f", "date": "2025-01-05T13:00:22.701Z"}}, {"model": "post.stream", "pk": 3, "fields": {"user": 2, "post": "c43c4539-b114-4fe0-8e05-aba43e61b35f", "date": "2025-01-05T13:00:22.701Z"}}, {"model": "post.stream", "pk": 4, "fields": {"user": 2, "post": "03d6789f-92c0-42d6-bf9c-bba5cc35ef90", "date": "2025-01-05T15:10:09.589Z"}}, {"model": "post.stream", "pk": 5, "fields": {"user": 3, "post": "03d6789f-92c0-42d6-bf9c-bba5cc35ef90", "date": "2025-01-05T15:10:09.589Z"}}, {"model": "post.stream", "pk": 6, "fields": {"user": 2, "post": "adce4828-85af-4c46-9aa1-e3ef0b1d37c2", "date": "2025-01-05T15:22:51.460Z"}}, {"model": "post.stream", "pk": 7, "fields": {"user": 3, "post": "adce4828-85af-4c46-9aa1-e3ef0b1d37c2", "date": "2025-01-05T15:22:51.460Z"}}, {"model": "post.stream", "pk": 8, "fields": {"user": 2, "post": "adce4828-85af-4c46-9aa1-e3ef0b1d37c2", "date": "2025-01-05T15:22:51.460Z"}}, {"model": "post.stream", "pk": 9, "fields": {"user": 3, "post": "adce4828-85af-4c46-9aa1-e3ef0b1d37c2", "date": "2025-01-05T15:22:51.460Z"}}, {"model": "post.stream", "pk": 10, "fields": {"user": 1, "post": "3c71d316-699a-47b1-ac76-3acdcecb1e0a", "date": "2025-01-05T18:35:51.222Z"}}, {"model": "post.stream", "pk": 11, "fields": {"user": 2, "post": "3c71d316-699a-47b1-ac76-3acdcecb1e0a", "date": "2025-01-05T18:35:51.222Z"}}, {"model": "post.stream", "pk": 12, "fields": {"user": 1, "post": "3c71d316-699a-47b1-ac76-3acdcecb1e0a", "date": "2025-01-05T18:35:51.222Z"}}, {"model": "post.stream", "pk": 13, "fields": {"user": 2, "post": "3c71d316-699a-47b1-ac76-3acdcecb1e0a", "date": "2025-01-05T18:35:51.222Z"}}, {"model": "post.stream", "pk": 14, "fields": {"user": 1, "post": "39d5a944-cf8f-4f20-a088-5d8727c17824", "date": "2025-01-06T17:20:24.991Z"}}, {"model": "post.stream", "pk": 15, "fields": {"user": 2, "post": "39d5a944-cf8f-4f20-a088-5d8727c17824", "date": "2025-01-06T17:20:24.991Z"}}, {"model": "post.stream", "pk": 16, "fields": {"user": 1, "post": "39d5a944-cf8f-4f20-a088-5d8727c17824", "date": "2025-01-06T17:20:24.991Z"}}, {"model": "post.stream", "pk": 17, "fields": {"user": 2, "post": "39d5a944-cf8f-4f20-a088-5d8727c17824", "date": "2025-01-06T17:20:24.991Z"}}, {"model": "post.stream", "pk": 18, "fields": {"user": 1, "post": "4853a99d-40b5-4607-829d-bb116ff7a1dc", "date": "2025-01-06T19:03:04.376Z"}}, {"model": "post.stream", "pk": 19, "fields": {"user": 2, "post": "4853a99d-40b5-4607-829d-bb116ff7a1dc", "date": "2025-01-06T19:03:04.376Z"}}, {"model": "post.stream", "pk": 20, "fields": {"user": 4, "post": "4853a99d-40b5-4607-829d-bb116ff7a1dc", "date": "2025-01-06T19:03:04.376Z"}}, {"model": "post.stream", "pk": 21, "fields": {"user": 1, "post": "4853a99d-40b5-4607-829d-bb116ff7a1dc", "date": "2025-01-06T19:03:04.376Z"}}, {"model": "post.stream", "pk": 22, "fields": {"user": 2, "post": "4853a99d-40b5-4607-829d-bb116ff7a1dc", "date": "2025-01-06T19:03:04.376Z"}}, {"model": "post.stream", "pk": 23, "fields": {"user": 4, "post": "4853a99d-40b5-4607-829d-bb116ff7a1dc", "date": "2025-01-06T19:03:04.376Z"}}, {"model": "post.stream", "pk": 24, "fields": {"user": 5, "post": "18285f38-ef1e-4260-8a7c-ab5d4d065794", "date": "2025-01-05T11:56:19.588Z"}}, {"model": "post.stream", "pk": 25, "fields": {"user": 5, "post": "b1e9ecfd-280b-4201-8b22-8152a1beac8c", "date": "2025-01-05T12:04:47.527Z"}}, {"model": "post.stream", "pk": 26, "fields": {"user": 5, "post": "c43c4539-b114-4fe0-8e05-aba43e61b35f", "date": "2025-01-05T13:00:22.701Z"}}, {"model": "post.stream", "pk": 27, "fields": {"user": 5, "post": "03d6789f-92c0-42d6-bf9c-bba5cc35ef90", "date": "2025-01-05T15:10:09.589Z"}}, {"model": "post.stream", "pk": 28, "fields": {"user": 5, "post": "adce4828-85af-4c46-9aa1-e3ef0b1d37c2", "date": "2025-01-05T15:22:51.460Z"}}, {"model": "post.stream", "pk": 29, "fields": {"user": 5, "post": "3c71d316-699a-47b1-ac76-3acdcecb1e0a", "date": "2025-01-05T18:35:51.222Z"}}, {"model": "post.stream", "pk": 30, "fields": {"user": 5, "post": "39d5a944-cf8f-4f20-a088-5d8727c17824", "date": "2025-01-06T17:20:24.991Z"}}, {"model": "post.stream", "pk": 31, "fields": {"user": 5, "post": "4853a99d-40b5-4607-829d-bb116ff7a1dc", "date": "2025-01-06T19:03:04.376Z"}}, {"model": "post.stream", "pk": 32, "fields": {"user": 6, "post": "18285f38-ef1e-4260-8a7c-ab5d4d065794", "date": "2025-01-05T11:56:19.588Z"}}, {"model": "post.stream", "pk": 33, "fields": {"user": 6, "post": "b1e9ecfd-280b-4201-8b22-8152a1beac8c", "date": "2025-01-05T12:04:47.527Z"}}, {"model": "post.stream", "pk": 34, "fields": {"user": 6, "post": "c43c4539-b114-4fe0-8e05-aba43e61b35f", "date": "2025-01-05T13:00:22.701Z"}}, {"model": "post.stream", "pk": 35, "fields": {"user": 6, "post": "03d6789f-92c0-42d6-bf9c-bba5cc35ef90", "date": "2025-01-05T15:10:09.589Z"}}, {"model": "post.stream", "pk": 36, "fields": {"user": 6, "post": "adce4828-85af-4c46-9aa1-e3ef0b1d37c2", "date": "2025-01-05T15:22:51.460Z"}}, {"model": "post.stream", "pk": 37, "fields": {"user": 6, "post": "3c71d316-699a-47b1-ac76-3acdcecb1e0a", "date": "2025-01-05T18:35:51.222Z"}}, {"model": "post.stream", "pk": 38, "fields": {"user": 6, "post": "39d5a944-cf8f-4f20-a088-5d8727c17824", "date": "2025-01-06T17:20:24.991Z"}}, {"model": "post.stream", "pk": 39, "fields": {"user": 6, "post": "4853a99d-40b5-4607-829d-bb116ff7a1dc", "date": "2025-01-06T19:03:04.376Z"}}, {"model": "post.stream", "pk": 40, "fields": {"user": 7, "post": "18285f38-ef1e-4260-8a7c-ab5d4d065794", "date": "2025-01-05T11:56:19.588Z"}}, {"model": "post.stream", "pk": 41, "fields": {"user": 7, "post": "b1e9ecfd-280b-4201-8b22-8152a1beac8c", "date": "2025-01-05T12:04:47.527Z"}}, {"model": "post.stream", "pk": 42, "fields": {"user": 7, "post": "c43c4539-b114-4fe0-8e05-aba43e61b35f", "date": "2025-01-05T13:00:22.701Z"}}, {"model": "post.stream", "pk": 43, "fields": {"user": 7, "post": "03d6789f-92c0-42d6-bf9c-bba5cc35ef90", "date": "2025-01-05T15:10:09.589Z"}}, {"model": "post.stream", "pk": 44, "fields": {"user": 7, "post": "adce4828-85af-4c46-9aa1-e3ef0b1d37c2", "date": "2025-01-05T15:22:51.460Z"}}, {"model": "post.stream", "pk": 45, "fields": {"user": 7, "post": "3c71d316-699a-47b1-ac76-3acdcecb1e0a", "date": "2025-01-05T18:35:51.222Z"}}, {"model": "post.stream", "pk": 46, "fields": {"user": 7, "post": "39d5a944-cf8f-4f20-a088-5d8727c17824", "date": "2025-01-06T17:20:24.991Z"}}, {"model": "post.stream", "pk": 47, "fields": {"user": 7, "post": "4853a99d-40b5-4607-829d-bb116ff7a1dc", "date": "2025-01-06T19:03:04.376Z"}}, {"model": "post.stream", "pk": 48, "fields": {"user": 8, "post": "18285f38-ef1e-4260-8a7c-ab5d4d065794", "date": "2025-01-05T11:56:19.588Z"}}, {"model": "post.stream", "pk": 49, "fields": {"user": 8, "post": "b1e9ecfd-280b-4201-8b22-8152a1beac8c", "date": "2025-01-05T12:04:47.527Z"}}, {"model": "post.stream", "pk": 50, "fields": {"user": 8, "post": "c43c4539-b114-4fe0-8e05-aba43e61b35f", "date": "2025-01-05T13:00:22.701Z"}}, {"model": "post.stream", "pk": 51, "fields": {"user": 8, "post": "03d6789f-92c0-42d6-bf9c-bba5cc35ef90", "date": "2025-01-05T15:10:09.589Z"}}, {"model": "post.stream", "pk": 52, "fields": {"user": 8, "post": "adce4828-85af-4c46-9aa1-e3ef0b1d37c2", "date": "2025-01-05T15:22:51.460Z"}}, {"model": "post.stream", "pk": 53, "fields": {"user": 8, "post": "3c71d316-699a-47b1-ac76-3acdcecb1e0a", "date": "2025-01-05T18:35:51.222Z"}}, {"model": "post.stream", "pk": 54, "fields": {"user": 8, "post": "39d5a944-cf8f-4f20-a088-5d8727c17824", "date": "2025-01-06T17:20:24.991Z"}}, {"model": "post.stream", "pk": 55, "fields": {"user": 8, "post": "4853a99d-40b5-4607-829d-bb116ff7a1dc", "date": "2025-01-06T19:03:04.376Z"}}, {"model": "post.stream", "pk": 56, "fields": {"user": 1, "post": "aeff7e23-e9ea-4f67-95ac-d8ed9f736329", "date": "2025-01-06T19:49:59.844Z"}}, {"model": "post.stream", "pk": 57, "fields": {"user": 2, "post": "aeff7e23-e9ea-4f67-95ac-d8ed9f736329", "date": "2025-01-06T19:49:59.844Z"}}, {"model": "post.stream", "pk": 58, "fields": {"user": 3, "post": "aeff7e23-e9ea-4f67-95ac-d8ed9f736329", "date": "2025-01-06T19:49:59.844Z"}}, {"model": "post.stream", "pk": 59, "fields": {"user": 4, "post": "aeff7e23-e9ea-4f67-95ac-d8ed9f736329", "date": "2025-01-06T19:49:59.844Z"}}, {"model": "post.stream", "pk": 60, "fields": {"user": 5, "post": "aeff7e23-e9ea-4f67-95ac-d8ed9f736329", "date": "2025-01-06T19:49:59.844Z"}}, {"model": "post.stream", "pk": 61, "fields": {"user": 6, "post": "aeff7e23-e9ea-4f67-95ac-d8ed9f736329", "date": "2025-01-06T19:49:59.844Z"}}, {"model": "post.stream", "pk": 62, "fields": {"user": 7, "post": "aeff7e23-e9ea-4f67-95ac-d8ed9f736329", "date": "2025-01-06T19:49:59.844Z"}}, {"model": "post.stream", "pk": 63, "fields": {"user": 1, "post": "aeff7e23-e9ea-4f67-95ac-d8ed9f736329", "date": "2025-01-06T19:49:59.844Z"}}, {"model": "post.stream", "pk": 64, "fields": {"user": 2, "post": "aeff7e23-e9ea-4f67-95ac-d8ed9f736329", "date": "2025-01-06T19:49:59.844Z"}}, {"model": "post.stream", "pk": 65, "fields": {"user": 3, "post": "aeff7e23-e9ea-4f67-95ac-d8ed9f736329", "date": "2025-01-06T19:49:59.844Z"}}, {"model": "post.stream", "pk": 66, "fields": {"user": 4, "post": "aeff7e23-e9ea-4f67-95ac-d8ed9f736329", "date": "2025-01-06T19:49:59.844Z"}}, {"model": "post.stream", "pk": 67, "fields": {"user": 5, "post": "aeff7e23-e9ea-4f67-95ac-d8ed9f736329", "date": "2025-01-06T19:49:59.844Z"}}, {"model": "post.stream", "pk": 68, "fields": {"user": 6, "post": "aeff7e23-e9ea-4f67-95ac-d8ed9f736329", "date": "2025-01-06T19:49:59.844Z"}}, {"model": "post.stream", "pk": 69, "fields": {"user": 7, "post": "aeff7e23-e9ea-4f67-95ac-d8ed9f736329", "date": "2025-01-06T19:49:59.844Z"}}, {"model": "post.stream", "pk": 70, "fields": {"user": 1, "post": "f90e7164-a77b-45fe-9e50-1c2a83120ef2", "date": "2025-01-06T20:00:36.852Z"}}, {"model": "post.stream", "pk": 71, "fields": {"user": 2, "post": "f90e7164-a77b-45fe-9e50-1c2a83120ef2", "date": "2025-01-06T20:00:36.852Z"}}, {"model": "post.stream", "pk": 72, "fields": {"user": 3, "post": "f90e7164-a77b-45fe-9e50-1c2a83120ef2", "date": "2025-01-06T20:00:36.852Z"}}, {"model": "post.stream", "pk": 73, "fields": {"user": 4, "post": "f90e7164-a77b-45fe-9e50-1c2a83120ef2", "date": "2025-01-06T20:00:36.852Z"}}, {"model": "post.stream", "pk": 74, "fields": {"user": 5, "post": "f90e7164-a77b-45fe-9e50-1c2a83120ef2", "date": "2025-01-06T20:00:36.852Z"}}, {"model": "post.stream", "pk": 75, "fields": {"user": 6, "post": "f90e7164-a77b-45fe-9e50-1c2a83120ef2", "date": "2025-01-06T20:00:36.852Z"}}, {"model": "post.stream", "pk": 76, "fields": {"user": 7, "post": "f90e7164-a77b-45fe-9e50-1c2a83120ef2", "date": "2025-01-06T20:00:36.852Z"}}, {"model": "post.stream", "pk": 77, "fields": {"user": 1, "post": "f90e7164-a77b-45fe-9e50-1c2a83120ef2", "date": "2025-01-06T20:00:36.852Z"}}, {"model": "post.stream", "pk": 78, "fields": {"user": 2, "post": "f90e7164-a77b-45fe-9e50-1c2a83120ef2", "date": "2025-01-06T20:00:36.852Z"}}, {"model": "post.stream", "pk": 79, "fields": {"user": 3, "post": "f90e7164-a77b-45fe-9e50-1c2a83120ef2", "date": "2025-01-06T20:00:36.852Z"}}, {"model": "post.stream", "pk": 80, "fields": {"user": 4, "post": "f90e7164-a77b-45fe-9e50-1c2a83120ef2", "date": "2025-01-06T20:00:36.852Z"}}, {"model": "post.stream", "pk": 81, "fields": {"user": 5, "post": "f90e7164-a77b-45fe-9e50-1c2a83120ef2", "date": "2025-01-06T20:00:36.852Z"}}, {"model": "post.stream", "pk": 82, "fields": {"user": 6, "post": "f90e7164-a77b-45fe-9e50-1c2a83120ef2", "date": "2025-01-06T20:00:36.852Z"}}, {"model": "post.stream", "pk": 83, "fields": {"user": 7, "post": "f90e7164-a77b-45fe-9e50-1c2a83120ef2", "date": "2025-01-06T20:00:36.852Z"}}, {"model": "post.stream", "pk": 84, "fields": {"user": 9, "post": "18285f38-ef1e-4260-8a7c-ab5d4d065794", "date": "2025-01-05T11:56:19.588Z"}}, {"model": "post.stream", "pk": 85, "fields": {"user": 9, "post": "b1e9ecfd-280b-4201-8b22-8152a1beac8c", "date": "2025-01-05T12:04:47.527Z"}}, {"model": "post.stream", "pk": 86, "fields": {"user": 9, "post": "c43c4539-b114-4fe0-8e05-aba43e61b35f", "date": "2025-01-05T13:00:22.701Z"}}, {"model": "post.stream", "pk": 87, "fields": {"user": 9, "post": "03d6789f-92c0-42d6-bf9c-bba5cc35ef90", "date": "2025-01-05T15:10:09.589Z"}}, {"model": "post.stream", "pk": 88, "fields": {"user": 9, "post": "adce4828-85af-4c46-9aa1-e3ef0b1d37c2", "date": "2025-01-05T15:22:51.460Z"}}, {"model": "post.stream", "pk": 89, "fields": {"user": 9, "post": "3c71d316-699a-47b1-ac76-3acdcecb1e0a", "date": "2025-01-05T18:35:51.222Z"}}, {"model": "post.stream", "pk": 90, "fields": {"user": 9, "post": "39d5a944-cf8f-4f20-a088-5d8727c17824", "date": "2025-01-06T17:20:24.991Z"}}, {"model": "post.stream", "pk": 91, "fields": {"user": 9, "post": "4853a99d-40b5-4607-829d-bb116ff7a1dc", "date": "2025-01-06T19:03:04.376Z"}}, {"model": "post.stream", "pk": 92, "fields": {"user": 9, "post": "aeff7e23-e9ea-4f67-95ac-d8ed9f736329", "date": "2025-01-06T19:49:59.844Z"}}, {"model": "post.stream", "pk": 93, "fields": {"user": 9, "post": "f90e7164-a77b-45fe-9e50-1c2a83120ef2", "date": "2025-01-06T20:00:36.852Z"}}, {"model": "post.stream", "pk": 94, "fields": {"user": 1, "post": "9fac7a38-73de-4b47-8ec0-b98aa1f893a7", "date": "2025-01-06T20:18:37.214Z"}}, {"model": "post.stream", "pk": 95, "fields": {"user": 2, "post": "9fac7a38-73de-4b47-8ec0-b98aa1f893a7", "date": "2025-01-06T20:18:37.214Z"}}, {"model": "post.stream", "pk": 96, "fields": {"user": 3, "post": "9fac7a38-73de-4b47-8ec0-b98aa1f893a7", "date": "2025-01-06T20:18:37.214Z"}}, {"model": "post.stream", "pk": 97, "fields": {"user": 4, "post": "9fac7a38-73de-4b47-8ec0-b98aa1f893a7", "date": "2025-01-06T20:18:37.214Z"}}, {"model": "post.stream", "pk": 98, "fields": {"user": 5, "post": "9fac7a38-73de-4b47-8ec0-b98aa1f893a7", "date": "2025-01-06T20:18:37.214Z"}}, {"model": "post.stream", "pk": 99, "fields": {"user": 6, "post": "9fac7a38-73de-4b47-8ec0-b98aa1f893a7", "date": "2025-01-06T20:18:37.214Z"}}, {"model": "post.stream", "pk": 100, "fields": {"user": 7, "post": "9fac7a38-73de-4b47-8ec0-b98aa1f893a7", "date": "2025-01-06T20:18:37.214Z"}}, {"model": "post.stream", "pk": 101, "fields": {"user": 8, "post": "9fac7a38-73de-4b47-8ec0-b98aa1f893a7", "date": "2025-01-06T20:18:37.214Z"}}, {"model": "post.stream", "pk": 102, "fields": {"user": 1, "post": "9fac7a38-73de-4b47-8ec0-b98aa1f893a7", "date": "2025-01-06T20:18:37.214Z"}}, {"model": "post.stream", "pk": 103, "fields": {"user": 2, "post": "9fac7a38-73de-4b47-8ec0-b98aa1f893a7", "date": "2025-01-06T20:18:37.214Z"}}, {"model": "post.stream", "pk": 104, "fields": {"user": 3, "post": "9fac7a38-73de-4b47-8ec0-b98aa1f893a7", "date": "2025-01-06T20:18:37.214Z"}}, {"model": "post.stream", "pk": 105, "fields": {"user": 4, "post": "9fac7a38-73de-4b47-8ec0-b98aa1f893a7", "date": "2025-01-06T20:18:37.214Z"}}, {"model": "post.stream", "pk": 106, "fields": {"user": 5, "post": "9fac7a38-73de-4b47-8ec0-b98aa1f893a7", "date": "2025-01-06T20:18:37.214Z"}}, {"model": "post.stream", "pk": 107, "fields": {"user": 6, "post": "9fac7a38-73de-4b47-8ec0-b98aa1f893a7", "date": "2025-01-06T20:18:37.214Z"}}, {"model": "post.stream", "pk": 108, "fields": {"user": 7, "post": "9fac7a38-73de-4b47-8ec0-b98aa1f893a7", "date": "2025-01-06T20:18:37.214Z"}}, {"model": "post.stream", "pk": 109, "fields": {"user": 8, "post": "9fac7a38-73de-4b47-8ec0-b98aa1f893a7", "date": "2025-01-06T20:18:37.214Z"}}, {"model": "post.stream", "pk": 110, "fields": {"user": 10, "post": "18285f38-ef1e-4260-8a7c-ab5d4d065794", "date": "2025-01-05T11:56:19.588Z"}}, {"model": "post.stream", "pk": 111, "fields": {"user": 10, "post": "b1e9ecfd-280b-4201-8b22-8152a1beac8c", "date": "2025-01-05T12:04:47.527Z"}}, {"model": "post.stream", "pk": 112, "fields": {"user": 10, "post": "c43c4539-b114-4fe0-8e05-aba43e61b35f", "date": "2025-01-05T13:00:22.701Z"}}, {"model": "post.stream", "pk": 113, "fields": {"user": 10, "post": "03d6789f-92c0-42d6-bf9c-bba5cc35ef90", "date": "2025-01-05T15:10:09.589Z"}}, {"model": "post.stream", "pk": 114, "fields": {"user": 10, "post": "adce4828-85af-4c46-9aa1-e3ef0b1d37c2", "date": "2025-01-05T15:22:51.460Z"}}, {"model": "post.stream", "pk": 115, "fields": {"user": 10, "post": "3c71d316-699a-47b1-ac76-3acdcecb1e0a", "date": "2025-01-05T18:35:51.222Z"}}, {"model": "post.stream", "pk": 116, "fields": {"user": 10, "post": "39d5a944-cf8f-4f20-a088-5d8727c17824", "date": "2025-01-06T17:20:24.991Z"}}, {"model": "post.stream", "pk": 117, "fields": {"user": 10, "post": "4853a99d-40b5-4607-829d-bb116ff7a1dc", "date": "2025-01-06T19:03:04.376Z"}}, {"model": "post.stream", "pk": 118, "fields": {"user": 10, "post": "aeff7e23-e9ea-4f67-95ac-d8ed9f736329", "date": "2025-01-06T19:49:59.844Z"}}, {"model": "post.stream", "pk": 119, "fields": {"user": 10, "post": "f90e7164-a77b-45fe-9e50-1c2a83120ef2", "date": "2025-01-06T20:00:36.852Z"}}, {"model": "post.stream", "pk": 120, "fields": {"user": 10, "post": "9fac7a38-73de-4b47-8ec0-b98aa1f893a7", "date": "2025-01-06T20:18:37.214Z"}}, {"model": "post.stream", "pk": 121, "fields": {"user": 11, "post": "18285f38-ef1e-4260-8a7c-ab5d4d065794", "date": "2025-01-05T11:56:19.588Z"}}, {"model": "post.stream", "pk": 122, "fields": {"user": 11, "post": "b1e9ecfd-280b-4201-8b22-8152a1beac8c", "date": "2025-01-05T12:04:47.527Z"}}, {"model": "post.stream", "pk": 123, "fields": {"user": 11, "post": "c43c4539-b114-4fe0-8e05-aba43e61b35f", "date": "2025-01-05T13:00:22.701Z"}}, {"model": "post.stream", "pk": 124, "fields": {"user": 11, "post": "03d6789f-92c0-42d6-bf9c-bba5cc35ef90", "date": "2025-01-05T15:10:09.589Z"}}, {"model": "post.stream", "pk": 125, "fields": {"user": 11, "post": "adce4828-85af-4c46-9aa1-e3ef0b1d37c2", "date": "2025-01-05T15:22:51.460Z"}}, {"model": "post.stream", "pk": 126, "fields": {"user": 11, "post": "3c71d316-699a-47b1-ac76-3acdcecb1e0a", "date": "2025-01-05T18:35:51.222Z"}}, {"model": "post.stream", "pk": 127, "fields": {"user": 11, "post": "39d5a944-cf8f-4f20-a088-5d8727c17824", "date": "2025-01-06T17:20:24.991Z"}}, {"model": "post.stream", "pk": 128, "fields": {"user": 11, "post": "4853a99d-40b5-4607-829d-bb116ff7a1dc", "date": "2025-01-06T19:03:04.376Z"}}, {"model": "post.stream", "pk": 129, "fields": {"user": 11, "post": "aeff7e23-e9ea-4f67-95ac-d8ed9f736329", "date": "2025-01-06T19:49:59.844Z"}}, {"model": "post.stream", "pk": 130, "fields": {"user": 11, "post": "f90e7164-a77b-45fe-9e50-1c2a83120ef2", "date": "2025-01-06T20:00:36.852Z"}}, {"model": "post.stream", "pk": 131, "fields": {"user": 11, "post": "9fac7a38-73de-4b47-8ec0-b98aa1f893a7", "date": "2025-01-06T20:18:37.214Z"}}, {"model": "post.stream", "pk": 132, "fields": {"user": 12, "post": "18285f38-ef1e-4260-8a7c-ab5d4d065794", "date": "2025-01-05T11:56:19.588Z"}}, {"model": "post.stream", "pk": 133, "fields": {"user": 12, "post": "b1e9ecfd-280b-4201-8b22-8152a1beac8c", "date": "2025-01-05T12:04:47.527Z"}}, {"model": "post.stream", "pk": 134, "fields": {"user": 12, "post": "c43c4539-b114-4fe0-8e05-aba43e61b35f", "date": "2025-01-05T13:00:22.701Z"}}, {"model": "post.stream", "pk": 135, "fields": {"user": 12, "post": "03d6789f-92c0-42d6-bf9c-bba5cc35ef90", "date": "2025-01-05T15:10:09.589Z"}}, {"model": "post.stream", "pk": 136, "fields": {"user": 12, "post": "adce4828-85af-4c46-9aa1-e3ef0b1d37c2", "date": "2025-01-05T15:22:51.460Z"}}, {"model": "post.stream", "pk": 137, "fields": {"user": 12, "post": "3c71d316-699a-47b1-ac76-3acdcecb1e0a", "date": "2025-01-05T18:35:51.222Z"}}, {"model": "post.stream", "pk": 138, "fields": {"user": 12, "post": "39d5a944-cf8f-4f20-a088-5d8727c17824", "date": "2025-01-06T17:20:24.991Z"}}, {"model": "post.stream", "pk": 139, "fields": {"user": 12, "post": "4853a99d-40b5-4607-829d-bb116ff7a1dc", "date": "2025-01-06T19:03:04.376Z"}}, {"model": "post.stream", "pk": 140, "fields": {"user": 12, "post": "aeff7e23-e9ea-4f67-95ac-d8ed9f736329", "date": "2025-01-06T19:49:59.844Z"}}, {"model": "post.stream", "pk": 141, "fields": {"user": 12, "post": "f90e7164-a77b-45fe-9e50-1c2a83120ef2", "date": "2025-01-06T20:00:36.852Z"}}, {"model": "post.stream", "pk": 142, "fields": {"user": 12, "post": "9fac7a38-73de-4b47-8ec0-b98aa1f893a7", "date": "2025-01-06T20:18:37.214Z"}}, {"model": "post.stream", "pk": 143, "fields": {"user": 13, "post": "18285f38-ef1e-4260-8a7c-ab5d4d065794", "date": "2025-01-05T11:56:19.588Z"}}, {"model": "post.stream", "pk": 144, "fields": {"user": 13, "post": "b1e9ecfd-280b-4201-8b22-8152a1beac8c", "date": "2025-01-05T12:04:47.527Z"}}, {"model": "post.stream", "pk": 145, "fields": {"user": 13, "post": "c43c4539-b114-4fe0-8e05-aba43e61b35f", "date": "2025-01-05T13:00:22.701Z"}}, {"model": "post.stream", "pk": 146, "fields": {"user": 13, "post": "03d6789f-92c0-42d6-bf9c-bba5cc35ef90", "date": "2025-01-05T15:10:09.589Z"}}, {"model": "post.stream", "pk": 147, "fields": {"user": 13, "post": "adce4828-85af-4c46-9aa1-e3ef0b1d37c2", "date": "2025-01-05T15:22:51.460Z"}}, {"model": "post.stream", "pk": 148, "fields": {"user": 13, "post": "3c71d316-699a-47b1-ac76-3acdcecb1e0a", "date": "2025-01-05T18:35:51.222Z"}}, {"model": "post.stream", "pk": 149, "fields": {"user": 13, "post": "39d5a944-cf8f-4f20-a088-5d8727c17824", "date": "2025-01-06T17:20:24.991Z"}}, {"model": "post.stream", "pk": 150, "fields": {"user": 13, "post": "4853a99d-40b5-4607-829d-bb116ff7a1dc", "date": "2025-01-06T19:03:04.376Z"}}, {"model": "post.stream", "pk": 151, "fields": {"user": 13, "post": "aeff7e23-e9ea-4f67-95ac-d8ed9f736329", "date": "2025-01-06T19:49:59.844Z"}}, {"model": "post.stream", "pk": 152, "fields": {"user": 13, "post": "f90e7164-a77b-45fe-9e50-1c2a83120ef2", "date": "2025-01-06T20:00:36.852Z"}}, {"model": "post.stream", "pk": 153, "fields": {"user": 13, "post": "9fac7a38-73de-4b47-8ec0-b98aa1f893a7", "date": "2025-01-06T20:18:37.214Z"}}, {"model": "post.stream", "pk": 154, "fields": {"user": 14, "post": "18285f38-ef1e-4260-8a7c-ab5d4d065794", "date": "2025-01-05T11:56:19.588Z"}}, {"model": "post.stream", "pk": 155, "fields": {"user": 14, "post": "b1e9ecfd-280b-4201-8b22-8152a1beac8c", "date": "2025-01-05T12:04:47.527Z"}}, {"model": "post.stream", "pk": 156, "fields": {"user": 14, "post": "c43c4539-b114-4fe0-8e05-aba43e61b35f", "date": "2025-01-05T13:00:22.701Z"}}, {"model": "post.stream", "pk": 157, "fields": {"user": 14, "post": "03d6789f-92c0-42d6-bf9c-bba5cc35ef90", "date": "2025-01-05T15:10:09.589Z"}}, {"model": "post.stream", "pk": 158, "fields": {"user": 14, "post": "adce4828-85af-4c46-9aa1-e3ef0b1d37c2", "date": "2025-01-05T15:22:51.460Z"}}, {"model": "post.stream", "pk": 159, "fields": {"user": 14, "post": "3c71d316-699a-47b1-ac76-3acdcecb1e0a", "date": "2025-01-05T18:35:51.222Z"}}, {"model": "post.stream", "pk": 160, "fields": {"user": 14, "post": "39d5a944-cf8f-4f20-a088-5d8727c17824", "date": "2025-01-06T17:20:24.991Z"}}, {"model": "post.stream", "pk": 161, "fields": {"user": 14, "post": "4853a99d-40b5-4607-829d-bb116ff7a1dc", "date": "2025-01-06T19:03:04.376Z"}}, {"model": "post.stream", "pk": 162, "fields": {"user": 14, "post": "aeff7e23-e9ea-4f67-95ac-d8ed9f736329", "date": "2025-01-06T19:49:59.844Z"}}, {"model": "post.stream", "pk": 163, "fields": {"user": 14, "post": "f90e7164-a77b-45fe-9e50-1c2a83120ef2", "date": "2025-01-06T20:00:36.852Z"}}, {"model": "post.stream", "pk": 164, "fields": {"user": 14, "post": "9fac7a38-73de-4b47-8ec0-b98aa1f893a7", "date": "2025-01-06T20:18:37.214Z"}}, {"model": "post.stream", "pk": 165, "fields": {"user": 15, "post": "18285f38-ef1e-4260-8a7c-ab5d4d065794", "date": "2025-01-05T11:56:19.588Z"}}, {"model": "post.stream", "pk": 166, "fields": {"user": 15, "post": "b1e9ecfd-280b-4201-8b22-8152a1beac8c", "date": "2025-01-05T12:04:47.527Z"}}, {"model": "post.stream", "pk": 167, "fields": {"user": 15, "post": "c43c4539-b114-4fe0-8e05-aba43e61b35f", "date": "2025-01-05T13:00:22.701Z"}}, {"model": "post.stream", "pk": 168, "fields": {"user": 15, "post": "03d6789f-92c0-42d6-bf9c-bba5cc35ef90", "date": "2025-01-05T15:10:09.589Z"}}, {"model": "post.stream", "pk": 169, "fields": {"user": 15, "post": "adce4828-85af-4c46-9aa1-e3ef0b1d37c2", "date": "2025-01-05T15:22:51.460Z"}}, {"model": "post.stream", "pk": 170, "fields": {"user": 15, "post": "3c71d316-699a-47b1-ac76-3acdcecb1e0a", "date": "2025-01-05T18:35:51.222Z"}}, {"model": "post.stream", "pk": 171, "fields": {"user": 15, "post": "39d5a944-cf8f-4f20-a088-5d8727c17824", "date": "2025-01-06T17:20:24.991Z"}}, {"model": "post.stream", "pk": 172, "fields": {"user": 15, "post": "4853a99d-40b5-4607-829d-bb116ff7a1dc", "date": "2025-01-06T19:03:04.376Z"}}, {"model": "post.stream", "pk": 173, "fields": {"user": 15, "post": "aeff7e23-e9ea-4f67-95ac-d8ed9f736329", "date": "2025-01-06T19:49:59.844Z"}}, {"model": "post.stream", "pk": 174, "fields": {"user": 15, "post": "f90e7164-a77b-45fe-9e50-1c2a83120ef2", "date": "2025-01-06T20:00:36.852Z"}}, {"model": "post.stream", "pk": 175, "fields": {"user": 15, "post": "9fac7a38-73de-4b47-8ec0-b98aa1f893a7", "date": "2025-01-06T20:18:37.214Z"}}, {"model": "direct.message", "pk": 1, "fields": {"user": 3, "sender": 3, "recipient": 1, "body": "i am the first user", "date": "2025-01-07T18:04:04.441Z", "is_read": true}}, {"model": "direct.message", "pk": 2, "fields": {"user": 1, "sender": 1, "recipient": 3, "body": "okay user1", "date": "2025-01-07T18:04:36.573Z", "is_read": true}}, {"model": "direct.message", "pk": 3, "fields": {"user": 1, "sender": 1, "recipient": 4, "body": "okay user2", "date": "2025-01-07T18:33:21.385Z", "is_read": true}}, {"model": "direct.message", "pk": 4, "fields": {"user": 1, "sender": 1, "recipient": 3, "body": "hi\r\n", "date": "2025-01-07T18:46:43.884Z", "is_read": true}}, {"model": "direct.message", "pk": 5, "fields": {"user": 3, "sender": 1, "recipient": 1, "body": "hi\r\n", "date": "2025-01-07T18:46:43.917Z", "is_read": true}}, {"model": "direct.message", "pk": 6, "fields": {"user": 3, "sender": 3, "recipient": 1, "body": "hi!!", "date": "2025-01-07T18:47:25.884Z", "is_read": true}}, {"model": "direct.message", "pk": 7, "fields": {"user": 1, "sender": 3, "recipient": 3, "body": "hi!!", "date": "2025-01-07T18:47:25.901Z", "is_read": true}}, {"model": "direct.message", "pk": 8, "fields": {"user": 1, "sender": 1, "recipient": 5, "body": "", "date": "2025-01-07T19:02:52.236Z", "is_read": true}}, {"model": "direct.message", "pk": 9, "fields": {"user": 5, "sender": 1, "recipient": 1, "body": "", "date": "2025-01-07T19:02:52.261Z", "is_read": false}}, {"model": "direct.message", "pk": 10, "fields": {"user": 1, "sender": 1, "recipient": 5, "body": "hi user3", "date": "2025-01-07T19:03:00.113Z", "is_read": true}}, {"model": "direct.message", "pk": 11, "fields": {"user": 5, "sender": 1, "recipient": 1, "body": "hi user3", "date": "2025-01-07T19:03:00.145Z", "is_read": false}}, {"model": "direct.message", "pk": 12, "fields": {"user": 1, "sender": 1, "recipient": 3, "body": "", "date": "2025-01-07T19:10:25.953Z", "is_read": true}}, {"model": "direct.message", "pk": 13, "fields": {"user": 3, "sender": 1, "recipient": 1, "body": "", "date": "2025-01-07T19:10:26.003Z", "is_read": true}}, {"model": "direct.message", "pk": 14, "fields": {"user": 1, "sender": 1, "recipient": 4, "body": "", "date": "2025-01-07T19:11:11.400Z", "is_read": true}}, {"model": "direct.message", "pk": 15, "fields": {"user": 4, "sender": 1, "recipient": 1, "body": "", "date": "2025-01-07T19:11:11.419Z", "is_read": true}}, {"model": "direct.message", "pk": 16, "fields": {"user": 1, "sender": 1, "recipient": 3, "body": "", "date": "2025-01-07T19:13:46.541Z", "is_read": true}}, {"model": "direct.message", "pk": 17, "fields": {"user": 3, "sender": 1, "recipient": 1, "body": "", "date": "2025-01-07T19:13:46.570Z", "is_read": true}}, {"model": "direct.message", "pk": 18, "fields": {"user": 9, "sender": 9, "recipient": 3, "body": "", "date": "2025-01-07T19:17:16.057Z", "is_read": true}}, {"model": "direct.message", "pk": 19, "fields": {"user": 3, "sender": 9, "recipient": 9, "body": "", "date": "2025-01-07T19:17:16.080Z", "is_read": true}}, {"model": "direct.message", "pk": 20, "fields": {"user": 9, "sender": 9, "recipient": 3, "body": "", "date": "2025-01-07T19:17:31.299Z", "is_read": true}}, {"model": "direct.message", "pk": 21, "fields": {"user": 3, "sender": 9, "recipient": 9, "body": "", "date": "2025-01-07T19:17:31.316Z", "is_read": true}}, {"model": "direct.message", "pk": 22, "fields": {"user": 9, "sender": 9, "recipient": 3, "body": "hi 1", "date": "2025-01-07T19:17:36.599Z", "is_read": true}}, {"model": "direct.message", "pk": 23, "fields": {"user": 3, "sender": 9, "recipient": 9, "body": "hi 1", "date": "2025-01-07T19:17:36.617Z", "is_read": true}}, {"model": "direct.message", "pk": 24, "fields": {"user": 9, "sender": 9, "recipient": 1, "body": "", "date": "2025-01-07T19:18:06.294Z", "is_read": true}}, {"model": "direct.message", "pk": 25, "fields": {"user": 1, "sender": 9, "recipient": 9, "body": "", "date": "2025-01-07T19:18:06.306Z", "is_read": true}}, {"model": "direct.message", "pk": 26, "fields": {"user": 9, "sender": 9, "recipient": 1, "body": "hi admin", "date": "2025-01-07T19:18:13.023Z", "is_read": true}}, {"model": "direct.message", "pk": 27, "fields": {"user": 1, "sender": 9, "recipient": 9, "body": "hi admin", "date": "2025-01-07T19:18:13.079Z", "is_read": true}}, {"model": "direct.message", "pk": 28, "fields": {"user": 9, "sender": 9, "recipient": 1, "body": "hiiiiiii", "date": "2025-01-07T19:20:36.143Z", "is_read": true}}, {"model": "direct.message", "pk": 29, "fields": {"user": 1, "sender": 9, "recipient": 9, "body": "hiiiiiii", "date": "2025-01-07T19:20:36.171Z", "is_read": true}}, {"model": "direct.message", "pk": 30, "fields": {"user": 9, "sender": 9, "recipient": 1, "body": "byeee", "date": "2025-01-07T19:21:41.266Z", "is_read": true}}, {"model": "direct.message", "pk": 31, "fields": {"user": 1, "sender": 9, "recipient": 9, "body": "byeee", "date": "2025-01-07T19:21:41.338Z", "is_read": true}}, {"model": "direct.message", "pk": 32, "fields": {"user": 9, "sender": 9, "recipient": 1, "body": "bye", "date": "2025-01-07T19:22:05.006Z", "is_read": true}}, {"model": "direct.message", "pk": 33, "fields": {"user": 1, "sender": 9, "recipient": 9, "body": "bye", "date": "2025-01-07T19:22:05.047Z", "is_read": true}}, {"model": "direct.message", "pk": 34, "fields": {"user": 9, "sender": 9, "recipient": 1, "body": "bye", "date": "2025-01-07T19:22:25.300Z", "is_read": true}}, {"model": "direct.message", "pk": 35, "fields": {"user": 1, "sender": 9, "recipient": 9, "body": "bye", "date": "2025-01-07T19:22:25.363Z", "is_read": true}}, {"model": "direct.message", "pk": 36, "fields": {"user": 9, "sender": 9, "recipient": 1, "body": "hiu", "date": "2025-01-07T19:23:30.573Z", "is_read": true}}, {"model": "direct.message", "pk": 37, "fields": {"user": 1, "sender": 9, "recipient": 9, "body": "hiu", "date": "2025-01-07T19:23:30.594Z", "is_read": true}}, {"model": "direct.message", "pk": 38, "fields": {"user": 3, "sender": 3, "recipient": 5, "body": "", "date": "2025-01-07T19:31:28.694Z", "is_read": true}}, {"model": "direct.message", "pk": 39, "fields": {"user": 5, "sender": 3, "recipient": 3, "body": "", "date": "2025-01-07T19:31:28.703Z", "is_read": false}}, {"model": "direct.message", "pk": 40, "fields": {"user": 11, "sender": 11, "recipient": 3, "body": "", "date": "2025-01-07T19:53:51.302Z", "is_read": true}}, {"model": "direct.message", "pk": 41, "fields": {"user": 3, "sender": 11, "recipient": 11, "body": "", "date": "2025-01-07T19:53:51.320Z", "is_read": true}}, {"model": "direct.message", "pk": 42, "fields": {"user": 11, "sender": 11, "recipient": 3, "body": "", "date": "2025-01-07T19:54:17.439Z", "is_read": true}}, {"model": "direct.message", "pk": 43, "fields": {"user": 3, "sender": 11, "recipient": 11, "body": "", "date": "2025-01-07T19:54:17.465Z", "is_read": true}}, {"model": "direct.message", "pk": 44, "fields": {"user": 15, "sender": 15, "recipient": 3, "body": "", "date": "2025-01-08T14:31:21.347Z", "is_read": true}}, {"model": "direct.message", "pk": 45, "fields": {"user": 3, "sender": 15, "recipient": 15, "body": "", "date": "2025-01-08T14:31:21.398Z", "is_read": true}}, {"model": "direct.message", "pk": 46, "fields": {"user": 15, "sender": 15, "recipient": 1, "body": "", "date": "2025-01-08T14:31:56.601Z", "is_read": true}}, {"model": "direct.message", "pk": 47, "fields": {"user": 1, "sender": 15, "recipient": 15, "body": "", "date": "2025-01-08T14:31:56.613Z", "is_read": false}}, {"model": "direct.message", "pk": 48, "fields": {"user": 15, "sender": 15, "recipient": 3, "body": "", "date": "2025-01-08T14:32:13.712Z", "is_read": true}}, {"model": "direct.message", "pk": 49, "fields": {"user": 3, "sender": 15, "recipient": 15, "body": "", "date": "2025-01-08T14:32:13.744Z", "is_read": true}}, {"model": "direct.message", "pk": 50, "fields": {"user": 15, "sender": 15, "recipient": 3, "body": "", "date": "2025-01-08T14:32:31.655Z", "is_read": true}}, {"model": "direct.message", "pk": 51, "fields": {"user": 3, "sender": 15, "recipient": 15, "body": "", "date": "2025-01-08T14:32:31.710Z", "is_read": true}}, {"model": "direct.message", "pk": 52, "fields": {"user": 3, "sender": 3, "recipient": 1, "body": "hi\r\n", "date": "2025-01-08T16:34:55.334Z", "is_read": true}}, {"model": "direct.message", "pk": 53, "fields": {"user": 1, "sender": 3, "recipient": 3, "body": "hi\r\n", "date": "2025-01-08T16:34:55.367Z", "is_read": false}}, {"model": "direct.message", "pk": 54, "fields": {"user": 3, "sender": 3, "recipient": 1, "body": "bye\r\n", "date": "2025-01-08T16:35:09.219Z", "is_read": true}}, {"model": "direct.message", "pk": 55, "fields": {"user": 1, "sender": 3, "recipient": 3, "body": "bye\r\n", "date": "2025-01-08T16:35:09.236Z", "is_read": false}}]